{
    "schemes": [
        {
            "properties": {
                "__categories": [
                    {
                        "expanded": true,
                        "id": "Scheme",
                        "visible": true
                    },
                    {
                        "expanded": true,
                        "id": "Color Table",
                        "visible": true
                    }
                ],
                "__groups": [
                ],
                "background": {
                    "alpha": 1,
                    "blue": 1,
                    "enabled": true,
                    "green": 1,
                    "red": 1,
                    "type": "color",
                    "visible": true
                },
                "backgroundDisabled": {
                    "alpha": 1,
                    "blue": 0.8313725490196079,
                    "enabled": true,
                    "green": 0.8156862745098039,
                    "red": 0.7843137254901961,
                    "type": "color",
                    "visible": true
                },
                "backgroundInactive": {
                    "alpha": 1,
                    "blue": 0.9058823529411765,
                    "enabled": true,
                    "green": 0.8901960784313725,
                    "red": 0.8392156862745098,
                    "type": "color",
                    "visible": true
                },
                "base": {
                    "alpha": 1,
                    "blue": 1,
                    "enabled": true,
                    "green": 1,
                    "red": 1,
                    "type": "color",
                    "visible": true
                },
                "colorMode": {
                    "enabled": true,
                    "type": "combo",
                    "value": 3,
                    "visible": true
                },
                "foreground": {
                    "alpha": 1,
                    "blue": 1,
                    "enabled": true,
                    "green": 1,
                    "red": 1,
                    "type": "color",
                    "visible": true
                },
                "foregroundDisabled": {
                    "alpha": 1,
                    "blue": 0.5019607843137255,
                    "enabled": true,
                    "green": 0.5019607843137255,
                    "red": 0.5019607843137255,
                    "type": "color",
                    "visible": true
                },
                "foregroundInactive": {
                    "alpha": 1,
                    "blue": 0.9058823529411765,
                    "enabled": true,
                    "green": 0.8901960784313725,
                    "red": 0.8392156862745098,
                    "type": "color",
                    "visible": true
                },
                "highlight": {
                    "alpha": 1,
                    "blue": 0.8313725490196079,
                    "enabled": true,
                    "green": 0.8156862745098039,
                    "red": 0.7843137254901961,
                    "type": "color",
                    "visible": true
                },
                "highlightLight": {
                    "alpha": 1,
                    "blue": 1,
                    "enabled": true,
                    "green": 1,
                    "red": 1,
                    "type": "color",
                    "visible": true
                },
                "id": {
                    "enabled": true,
                    "type": "uuid",
                    "value": "{845e0c94-5559-49c1-b9d4-23ee8ebb17cc}",
                    "visible": true
                },
                "name": {
                    "enabled": true,
                    "type": "text",
                    "value": "WhiteScheme",
                    "visible": true
                },
                "shadow": {
                    "alpha": 1,
                    "blue": 0.5019607843137255,
                    "enabled": true,
                    "green": 0.5019607843137255,
                    "red": 0.5019607843137255,
                    "type": "color",
                    "visible": true
                },
                "shadowDark": {
                    "alpha": 1,
                    "blue": 0.25098039215686274,
                    "enabled": true,
                    "green": 0.25098039215686274,
                    "red": 0.25098039215686274,
                    "type": "color",
                    "visible": true
                },
                "text": {
                    "alpha": 1,
                    "blue": 0,
                    "enabled": true,
                    "green": 0,
                    "red": 0,
                    "type": "color",
                    "visible": true
                },
                "textDisabled": {
                    "alpha": 1,
                    "blue": 0.5803921568627451,
                    "enabled": true,
                    "green": 0.5725490196078431,
                    "red": 0.5490196078431373,
                    "type": "color",
                    "visible": true
                },
                "textHighlight": {
                    "alpha": 1,
                    "blue": 1,
                    "enabled": true,
                    "green": 0,
                    "red": 0,
                    "type": "color",
                    "visible": true
                },
                "textHighlightText": {
                    "alpha": 1,
                    "blue": 1,
                    "enabled": true,
                    "green": 1,
                    "red": 1,
                    "type": "color",
                    "visible": true
                },
                "textInactive": {
                    "alpha": 1,
                    "blue": 0.9058823529411765,
                    "enabled": true,
                    "green": 0.8901960784313725,
                    "red": 0.8392156862745098,
                    "type": "color",
                    "visible": true
                }
            }
        },
        {
            "properties": {
                "__categories": [
                    {
                        "expanded": true,
                        "id": "Scheme",
                        "visible": true
                    },
                    {
                        "expanded": true,
                        "id": "Color Table",
                        "visible": true
                    }
                ],
                "__groups": [
                ],
                "background": {
                    "alpha": 1,
                    "blue": 1,
                    "enabled": true,
                    "green": 1,
                    "red": 1,
                    "type": "color",
                    "visible": true
                },
                "backgroundDisabled": {
                    "alpha": 1,
                    "blue": 0.8313725490196079,
                    "enabled": true,
                    "green": 0.8156862745098039,
                    "red": 0.7843137254901961,
                    "type": "color",
                    "visible": true
                },
                "backgroundInactive": {
                    "alpha": 1,
                    "blue": 0.9058823529411765,
                    "enabled": true,
                    "green": 0.8901960784313725,
                    "red": 0.8392156862745098,
                    "type": "color",
                    "visible": true
                },
                "base": {
                    "alpha": 1,
                    "blue": 0,
                    "enabled": true,
                    "green": 0,
                    "red": 1,
                    "type": "color",
                    "visible": true
                },
                "colorMode": {
                    "enabled": true,
                    "type": "combo",
                    "value": 3,
                    "visible": true
                },
                "foreground": {
                    "alpha": 1,
                    "blue": 0,
                    "enabled": true,
                    "green": 0,
                    "red": 1,
                    "type": "color",
                    "visible": true
                },
                "foregroundDisabled": {
                    "alpha": 1,
                    "blue": 0.5019607843137255,
                    "enabled": true,
                    "green": 0.5019607843137255,
                    "red": 0.5019607843137255,
                    "type": "color",
                    "visible": true
                },
                "foregroundInactive": {
                    "alpha": 1,
                    "blue": 0.9058823529411765,
                    "enabled": true,
                    "green": 0.8901960784313725,
                    "red": 0.8392156862745098,
                    "type": "color",
                    "visible": true
                },
                "highlight": {
                    "alpha": 1,
                    "blue": 0.8313725490196079,
                    "enabled": true,
                    "green": 0.8156862745098039,
                    "red": 0.7843137254901961,
                    "type": "color",
                    "visible": true
                },
                "highlightLight": {
                    "alpha": 1,
                    "blue": 1,
                    "enabled": true,
                    "green": 1,
                    "red": 1,
                    "type": "color",
                    "visible": true
                },
                "id": {
                    "enabled": true,
                    "type": "uuid",
                    "value": "{5e823741-5c80-45c6-af4e-e9baf22837c7}",
                    "visible": true
                },
                "name": {
                    "enabled": true,
                    "type": "text",
                    "value": "RedScheme",
                    "visible": true
                },
                "shadow": {
                    "alpha": 1,
                    "blue": 0.5019607843137255,
                    "enabled": true,
                    "green": 0.5019607843137255,
                    "red": 0.5019607843137255,
                    "type": "color",
                    "visible": true
                },
                "shadowDark": {
                    "alpha": 1,
                    "blue": 0.25098039215686274,
                    "enabled": true,
                    "green": 0.25098039215686274,
                    "red": 0.25098039215686274,
                    "type": "color",
                    "visible": true
                },
                "text": {
                    "alpha": 1,
                    "blue": 0,
                    "enabled": true,
                    "green": 0,
                    "red": 1,
                    "type": "color",
                    "visible": true
                },
                "textDisabled": {
                    "alpha": 1,
                    "blue": 0.5803921568627451,
                    "enabled": true,
                    "green": 0.5725490196078431,
                    "red": 0.5490196078431373,
                    "type": "color",
                    "visible": true
                },
                "textHighlight": {
                    "alpha": 1,
                    "blue": 1,
                    "enabled": true,
                    "green": 0,
                    "red": 0,
                    "type": "color",
                    "visible": true
                },
                "textHighlightText": {
                    "alpha": 1,
                    "blue": 1,
                    "enabled": true,
                    "green": 1,
                    "red": 1,
                    "type": "color",
                    "visible": true
                },
                "textInactive": {
                    "alpha": 1,
                    "blue": 0.9058823529411765,
                    "enabled": true,
                    "green": 0.8901960784313725,
                    "red": 0.8392156862745098,
                    "type": "color",
                    "visible": true
                }
            }
        },
        {
            "properties": {
                "__categories": [
                    {
                        "expanded": true,
                        "id": "Scheme",
                        "visible": true
                    },
                    {
                        "expanded": true,
                        "id": "Color Table",
                        "visible": true
                    }
                ],
                "__groups": [
                ],
                "background": {
                    "alpha": 1,
                    "blue": 1,
                    "enabled": true,
                    "green": 1,
                    "red": 1,
                    "type": "color",
                    "visible": true
                },
                "backgroundDisabled": {
                    "alpha": 1,
                    "blue": 0.8313725490196079,
                    "enabled": true,
                    "green": 0.8156862745098039,
                    "red": 0.7843137254901961,
                    "type": "color",
                    "visible": true
                },
                "backgroundInactive": {
                    "alpha": 1,
                    "blue": 0.9058823529411765,
                    "enabled": true,
                    "green": 0.8901960784313725,
                    "red": 0.8392156862745098,
                    "type": "color",
                    "visible": true
                },
                "base": {
                    "alpha": 1,
                    "blue": 0,
                    "enabled": true,
                    "green": 1,
                    "red": 0,
                    "type": "color",
                    "visible": true
                },
                "colorMode": {
                    "enabled": true,
                    "type": "combo",
                    "value": 3,
                    "visible": true
                },
                "foreground": {
                    "alpha": 1,
                    "blue": 0,
                    "enabled": true,
                    "green": 1,
                    "red": 0,
                    "type": "color",
                    "visible": true
                },
                "foregroundDisabled": {
                    "alpha": 1,
                    "blue": 0.5019607843137255,
                    "enabled": true,
                    "green": 0.5019607843137255,
                    "red": 0.5019607843137255,
                    "type": "color",
                    "visible": true
                },
                "foregroundInactive": {
                    "alpha": 1,
                    "blue": 0.9058823529411765,
                    "enabled": true,
                    "green": 0.8901960784313725,
                    "red": 0.8392156862745098,
                    "type": "color",
                    "visible": true
                },
                "highlight": {
                    "alpha": 1,
                    "blue": 0.8313725490196079,
                    "enabled": true,
                    "green": 0.8156862745098039,
                    "red": 0.7843137254901961,
                    "type": "color",
                    "visible": true
                },
                "highlightLight": {
                    "alpha": 1,
                    "blue": 1,
                    "enabled": true,
                    "green": 1,
                    "red": 1,
                    "type": "color",
                    "visible": true
                },
                "id": {
                    "enabled": true,
                    "type": "uuid",
                    "value": "{e9716fe0-6d95-422d-a285-37d4228049bf}",
                    "visible": true
                },
                "name": {
                    "enabled": true,
                    "type": "text",
                    "value": "GreenScheme",
                    "visible": true
                },
                "shadow": {
                    "alpha": 1,
                    "blue": 0.5019607843137255,
                    "enabled": true,
                    "green": 0.5019607843137255,
                    "red": 0.5019607843137255,
                    "type": "color",
                    "visible": true
                },
                "shadowDark": {
                    "alpha": 1,
                    "blue": 0.25098039215686274,
                    "enabled": true,
                    "green": 0.25098039215686274,
                    "red": 0.25098039215686274,
                    "type": "color",
                    "visible": true
                },
                "text": {
                    "alpha": 1,
                    "blue": 0,
                    "enabled": true,
                    "green": 1,
                    "red": 0,
                    "type": "color",
                    "visible": true
                },
                "textDisabled": {
                    "alpha": 1,
                    "blue": 0.5803921568627451,
                    "enabled": true,
                    "green": 0.5725490196078431,
                    "red": 0.5490196078431373,
                    "type": "color",
                    "visible": true
                },
                "textHighlight": {
                    "alpha": 1,
                    "blue": 1,
                    "enabled": true,
                    "green": 0,
                    "red": 0,
                    "type": "color",
                    "visible": true
                },
                "textHighlightText": {
                    "alpha": 1,
                    "blue": 1,
                    "enabled": true,
                    "green": 1,
                    "red": 1,
                    "type": "color",
                    "visible": true
                },
                "textInactive": {
                    "alpha": 1,
                    "blue": 0.9058823529411765,
                    "enabled": true,
                    "green": 0.8901960784313725,
                    "red": 0.8392156862745098,
                    "type": "color",
                    "visible": true
                }
            }
        },
        {
            "properties": {
                "__categories": [
                    {
                        "expanded": true,
                        "id": "Scheme",
                        "visible": true
                    },
                    {
                        "expanded": true,
                        "id": "Color Table",
                        "visible": true
                    }
                ],
                "__groups": [
                ],
                "background": {
                    "alpha": 1,
                    "blue": 1,
                    "enabled": true,
                    "green": 1,
                    "red": 1,
                    "type": "color",
                    "visible": true
                },
                "backgroundDisabled": {
                    "alpha": 1,
                    "blue": 0.8313725490196079,
                    "enabled": true,
                    "green": 0.8156862745098039,
                    "red": 0.7843137254901961,
                    "type": "color",
                    "visible": true
                },
                "backgroundInactive": {
                    "alpha": 1,
                    "blue": 0.9058823529411765,
                    "enabled": true,
                    "green": 0.8901960784313725,
                    "red": 0.8392156862745098,
                    "type": "color",
                    "visible": true
                },
                "base": {
                    "alpha": 1,
                    "blue": 1,
                    "enabled": true,
                    "green": 0,
                    "red": 0,
                    "type": "color",
                    "visible": true
                },
                "colorMode": {
                    "enabled": true,
                    "type": "combo",
                    "value": 3,
                    "visible": true
                },
                "foreground": {
                    "alpha": 1,
                    "blue": 1,
                    "enabled": true,
                    "green": 0,
                    "red": 0,
                    "type": "color",
                    "visible": true
                },
                "foregroundDisabled": {
                    "alpha": 1,
                    "blue": 0.5019607843137255,
                    "enabled": true,
                    "green": 0.5019607843137255,
                    "red": 0.5019607843137255,
                    "type": "color",
                    "visible": true
                },
                "foregroundInactive": {
                    "alpha": 1,
                    "blue": 0.9058823529411765,
                    "enabled": true,
                    "green": 0.8901960784313725,
                    "red": 0.8392156862745098,
                    "type": "color",
                    "visible": true
                },
                "highlight": {
                    "alpha": 1,
                    "blue": 0.8313725490196079,
                    "enabled": true,
                    "green": 0.8156862745098039,
                    "red": 0.7843137254901961,
                    "type": "color",
                    "visible": true
                },
                "highlightLight": {
                    "alpha": 1,
                    "blue": 1,
                    "enabled": true,
                    "green": 1,
                    "red": 1,
                    "type": "color",
                    "visible": true
                },
                "id": {
                    "enabled": true,
                    "type": "uuid",
                    "value": "{99e948db-2521-44ff-bf8d-edfc827717e6}",
                    "visible": true
                },
                "name": {
                    "enabled": true,
                    "type": "text",
                    "value": "BlueScheme",
                    "visible": true
                },
                "shadow": {
                    "alpha": 1,
                    "blue": 0.5019607843137255,
                    "enabled": true,
                    "green": 0.5019607843137255,
                    "red": 0.5019607843137255,
                    "type": "color",
                    "visible": true
                },
                "shadowDark": {
                    "alpha": 1,
                    "blue": 0.25098039215686274,
                    "enabled": true,
                    "green": 0.25098039215686274,
                    "red": 0.25098039215686274,
                    "type": "color",
                    "visible": true
                },
                "text": {
                    "alpha": 1,
                    "blue": 1,
                    "enabled": true,
                    "green": 0,
                    "red": 0,
                    "type": "color",
                    "visible": true
                },
                "textDisabled": {
                    "alpha": 1,
                    "blue": 0.5803921568627451,
                    "enabled": true,
                    "green": 0.5725490196078431,
                    "red": 0.5490196078431373,
                    "type": "color",
                    "visible": true
                },
                "textHighlight": {
                    "alpha": 1,
                    "blue": 1,
                    "enabled": true,
                    "green": 0,
                    "red": 0,
                    "type": "color",
                    "visible": true
                },
                "textHighlightText": {
                    "alpha": 1,
                    "blue": 1,
                    "enabled": true,
                    "green": 1,
                    "red": 1,
                    "type": "color",
                    "visible": true
                },
                "textInactive": {
                    "alpha": 1,
                    "blue": 0.9058823529411765,
                    "enabled": true,
                    "green": 0.8901960784313725,
                    "red": 0.8392156862745098,
                    "type": "color",
                    "visible": true
                }
            }
        }
    ],
    "userDefault": "{00000000-0000-0000-0000-000000000000}"
}
