{
    "bindings": [
        {
            "font": "{31748cfb-90da-45ff-8672-ea4747c2f33f}",
            "language": "{815ee1fb-f4ea-414b-aa38-9cadaa73b6b2}",
            "string": "{65bab9b6-3003-44fb-aab9-cf292b1d6a4b}"
        },
        {
            "font": "{31748cfb-90da-45ff-8672-ea4747c2f33f}",
            "language": "{815ee1fb-f4ea-414b-aa38-9cadaa73b6b2}",
            "string": "{adb38fcf-8f51-46f5-a0bb-5697fa5cf68a}"
        },
        {
            "font": "{31748cfb-90da-45ff-8672-ea4747c2f33f}",
            "language": "{815ee1fb-f4ea-414b-aa38-9cadaa73b6b2}",
            "string": "{c8243874-29e2-4304-a052-19369c18a617}"
        }
    ],
    "defaultLanguage": "{815ee1fb-f4ea-414b-aa38-9cadaa73b6b2}",
    "encoding": "ASCII",
    "languages": [
        {
            "properties": {
                "__categories": [
                ],
                "__groups": [
                ],
                "enabled": {
                    "enabled": true,
                    "type": "boolean",
                    "value": true,
                    "visible": true
                },
                "id": {
                    "enabled": true,
                    "type": "uuid",
                    "value": "{815ee1fb-f4ea-414b-aa38-9cadaa73b6b2}",
                    "visible": true
                },
                "name": {
                    "enabled": true,
                    "type": "text",
                    "value": "Default",
                    "visible": true
                }
            }
        }
    ],
    "paths": [
    ],
    "strings": [
        {
            "properties": {
                "__categories": [
                ],
                "__groups": [
                ],
                "description": {
                    "enabled": true,
                    "type": "text",
                    "value": "",
                    "visible": true
                },
                "id": {
                    "enabled": true,
                    "type": "uuid",
                    "value": "{65bab9b6-3003-44fb-aab9-cf292b1d6a4b}",
                    "visible": true
                },
                "name": {
                    "enabled": true,
                    "type": "text",
                    "value": "Fast",
                    "visible": true
                },
                "path": {
                    "enabled": true,
                    "type": "text",
                    "value": "/",
                    "visible": true
                }
            },
            "values": [
                {
                    "language": "{815ee1fb-f4ea-414b-aa38-9cadaa73b6b2}",
                    "value": "Fast."
                }
            ]
        },
        {
            "properties": {
                "__categories": [
                ],
                "__groups": [
                ],
                "description": {
                    "enabled": true,
                    "type": "text",
                    "value": "",
                    "visible": true
                },
                "id": {
                    "enabled": true,
                    "type": "uuid",
                    "value": "{adb38fcf-8f51-46f5-a0bb-5697fa5cf68a}",
                    "visible": true
                },
                "name": {
                    "enabled": true,
                    "type": "text",
                    "value": "Easy",
                    "visible": true
                },
                "path": {
                    "enabled": true,
                    "type": "text",
                    "value": "/",
                    "visible": true
                }
            },
            "values": [
                {
                    "language": "{815ee1fb-f4ea-414b-aa38-9cadaa73b6b2}",
                    "value": "Easy."
                }
            ]
        },
        {
            "properties": {
                "__categories": [
                ],
                "__groups": [
                ],
                "description": {
                    "enabled": true,
                    "type": "text",
                    "value": "",
                    "visible": true
                },
                "id": {
                    "enabled": true,
                    "type": "uuid",
                    "value": "{c8243874-29e2-4304-a052-19369c18a617}",
                    "visible": true
                },
                "name": {
                    "enabled": true,
                    "type": "text",
                    "value": "Smart",
                    "visible": true
                },
                "path": {
                    "enabled": true,
                    "type": "text",
                    "value": "/",
                    "visible": true
                }
            },
            "values": [
                {
                    "language": "{815ee1fb-f4ea-414b-aa38-9cadaa73b6b2}",
                    "value": "Smart."
                }
            ]
        }
    ]
}
